{"type":"struct","fields":[{"name":"id","type":"integer","nullable":true,"metadata":{}},{"name":"member_id","type":"integer","nullable":true,"metadata":{}},{"name":"loan_amnt","type":"integer","nullable":true,"metadata":{}},{"name":"funded_amnt","type":"integer","nullable":true,"metadata":{}},{"name":"funded_amnt_inv","type":"double","nullable":true,"metadata":{}},{"name":"term","type":"string","nullable":true,"metadata":{}},{"name":"int_rate","type":"string","nullable":true,"metadata":{}},{"name":"installment","type":"double","nullable":true,"metadata":{}},{"name":"grade","type":"string","nullable":true,"metadata":{}},{"name":"sub_grade","type":"string","nullable":true,"metadata":{}},{"name":"emp_title","type":"string","nullable":true,"metadata":{}},{"name":"emp_length","type":"string","nullable":true,"metadata":{}},{"name":"home_ownership","type":"string","nullable":true,"metadata":{}},{"name":"annual_inc","type":"double","nullable":true,"metadata":{}},{"name":"verification_status","type":"string","nullable":true,"metadata":{}},{"name":"issue_d","type":"timestamp","nullable":true,"metadata":{}},{"name":"loan_status","type":"string","nullable":true,"metadata":{}},{"name":"pymnt_plan","type":"string","nullable":true,"metadata":{}},{"name":"url","type":"string","nullable":true,"metadata":{}},{"name":"desc","type":"string","nullable":true,"metadata":{}},{"name":"purpose","type":"string","nullable":true,"metadata":{}},{"name":"title","type":"string","nullable":true,"metadata":{}},{"name":"zip_code","type":"string","nullable":true,"metadata":{}},{"name":"addr_state","type":"string","nullable":true,"metadata":{}},{"name":"dti","type":"double","nullable":true,"metadata":{}},{"name":"delinq_2yrs","type":"byte","nullable":true,"metadata":{}},{"name":"earliest_cr_line","type":"timestamp","nullable":true,"metadata":{}},{"name":"inq_last_6mths","type":"byte","nullable":true,"metadata":{}},{"name":"mths_since_last_delinq","type":"string","nullable":true,"metadata":{}},{"name":"mths_since_last_record","type":"string","nullable":true,"metadata":{}},{"name":"open_acc","type":"byte","nullable":true,"metadata":{}},{"name":"pub_rec","type":"byte","nullable":true,"metadata":{}},{"name":"revol_bal","type":"integer","nullable":true,"metadata":{}},{"name":"revol_util","type":"string","nullable":true,"metadata":{}},{"name":"total_acc","type":"byte","nullable":true,"metadata":{}},{"name":"initial_list_status","type":"string","nullable":true,"metadata":{}},{"name":"out_prncp","type":"double","nullable":true,"metadata":{}},{"name":"out_prncp_inv","type":"double","nullable":true,"metadata":{}},{"name":"total_pymnt","type":"double","nullable":true,"metadata":{}},{"name":"total_pymnt_inv","type":"double","nullable":true,"metadata":{}},{"name":"total_rec_prncp","type":"double","nullable":true,"metadata":{}},{"name":"total_rec_int","type":"double","nullable":true,"metadata":{}},{"name":"total_rec_late_fee","type":"double","nullable":true,"metadata":{}},{"name":"recoveries","type":"double","nullable":true,"metadata":{}},{"name":"collection_recovery_fee","type":"double","nullable":true,"metadata":{}},{"name":"last_pymnt_d","type":"timestamp","nullable":true,"metadata":{}},{"name":"last_pymnt_amnt","type":"double","nullable":true,"metadata":{}},{"name":"next_pymnt_d","type":"timestamp","nullable":true,"metadata":{}},{"name":"last_credit_pull_d","type":"timestamp","nullable":true,"metadata":{}},{"name":"collections_12_mths_ex_med","type":"byte","nullable":true,"metadata":{}},{"name":"mths_since_last_major_derog","type":"string","nullable":true,"metadata":{}},{"name":"policy_code","type":"byte","nullable":true,"metadata":{}},{"name":"application_type","type":"string","nullable":true,"metadata":{}},{"name":"annual_inc_joint","type":"string","nullable":true,"metadata":{}},{"name":"dti_joint","type":"string","nullable":true,"metadata":{}},{"name":"verification_status_joint","type":"string","nullable":true,"metadata":{}},{"name":"acc_now_delinq","type":"byte","nullable":true,"metadata":{}},{"name":"tot_coll_amt","type":"integer","nullable":true,"metadata":{}},{"name":"tot_cur_bal","type":"integer","nullable":true,"metadata":{}},{"name":"open_acc_6m","type":"string","nullable":true,"metadata":{}},{"name":"open_il_6m","type":"string","nullable":true,"metadata":{}},{"name":"open_il_12m","type":"string","nullable":true,"metadata":{}},{"name":"open_il_24m","type":"string","nullable":true,"metadata":{}},{"name":"mths_since_rcnt_il","type":"string","nullable":true,"metadata":{}},{"name":"total_bal_il","type":"string","nullable":true,"metadata":{}},{"name":"il_util","type":"string","nullable":true,"metadata":{}},{"name":"open_rv_12m","type":"string","nullable":true,"metadata":{}},{"name":"open_rv_24m","type":"string","nullable":true,"metadata":{}},{"name":"max_bal_bc","type":"string","nullable":true,"metadata":{}},{"name":"all_util","type":"string","nullable":true,"metadata":{}},{"name":"total_rev_hi_lim","type":"integer","nullable":true,"metadata":{}},{"name":"inq_fi","type":"string","nullable":true,"metadata":{}},{"name":"total_cu_tl","type":"string","nullable":true,"metadata":{}},{"name":"inq_last_12m","type":"string","nullable":true,"metadata":{}},{"name":"acc_open_past_24mths","type":"byte","nullable":true,"metadata":{}},{"name":"avg_cur_bal","type":"integer","nullable":true,"metadata":{}},{"name":"bc_open_to_buy","type":"integer","nullable":true,"metadata":{}},{"name":"bc_util","type":"double","nullable":true,"metadata":{}},{"name":"chargeoff_within_12_mths","type":"byte","nullable":true,"metadata":{}},{"name":"delinq_amnt","type":"integer","nullable":true,"metadata":{}},{"name":"mo_sin_old_il_acct","type":"string","nullable":true,"metadata":{}},{"name":"mo_sin_old_rev_tl_op","type":"short","nullable":true,"metadata":{}},{"name":"mo_sin_rcnt_rev_tl_op","type":"short","nullable":true,"metadata":{}},{"name":"mo_sin_rcnt_tl","type":"short","nullable":true,"metadata":{}},{"name":"mort_acc","type":"byte","nullable":true,"metadata":{}},{"name":"mths_since_recent_bc","type":"short","nullable":true,"metadata":{}},{"name":"mths_since_recent_bc_dlq","type":"string","nullable":true,"metadata":{}},{"name":"mths_since_recent_inq","type":"string","nullable":true,"metadata":{}},{"name":"mths_since_recent_revol_delinq","type":"string","nullable":true,"metadata":{}},{"name":"num_accts_ever_120_pd","type":"byte","nullable":true,"metadata":{}},{"name":"num_actv_bc_tl","type":"byte","nullable":true,"metadata":{}},{"name":"num_actv_rev_tl","type":"byte","nullable":true,"metadata":{}},{"name":"num_bc_sats","type":"byte","nullable":true,"metadata":{}},{"name":"num_bc_tl","type":"byte","nullable":true,"metadata":{}},{"name":"num_il_tl","type":"byte","nullable":true,"metadata":{}},{"name":"num_op_rev_tl","type":"byte","nullable":true,"metadata":{}},{"name":"num_rev_accts","type":"byte","nullable":true,"metadata":{}},{"name":"num_rev_tl_bal_gt_0","type":"byte","nullable":true,"metadata":{}},{"name":"num_sats","type":"byte","nullable":true,"metadata":{}},{"name":"num_tl_120dpd_2m","type":"string","nullable":true,"metadata":{}},{"name":"num_tl_30dpd","type":"byte","nullable":true,"metadata":{}},{"name":"num_tl_90g_dpd_24m","type":"byte","nullable":true,"metadata":{}},{"name":"num_tl_op_past_12m","type":"byte","nullable":true,"metadata":{}},{"name":"pct_tl_nvr_dlq","type":"double","nullable":true,"metadata":{}},{"name":"percent_bc_gt_75","type":"double","nullable":true,"metadata":{}},{"name":"pub_rec_bankruptcies","type":"byte","nullable":true,"metadata":{}},{"name":"tax_liens","type":"byte","nullable":true,"metadata":{}},{"name":"tot_hi_cred_lim","type":"integer","nullable":true,"metadata":{}},{"name":"total_bal_ex_mort","type":"integer","nullable":true,"metadata":{}},{"name":"total_bc_limit","type":"integer","nullable":true,"metadata":{}},{"name":"total_il_high_credit_limit","type":"integer","nullable":true,"metadata":{}}]}